{
  "name": "container",
  "description": "Security profile for containerized applications",
  "version": "1.0",
  "capabilities": [],
  "network_policy": {
    "incoming_connections": false,
    "outgoing_connections": true,
    "blocked_ports": [22, 23, 135, 139, 445, 3389]
  },
  "filesystem_policy": {
    "readonly_root": true,
    "writable_dirs": ["/tmp"],
    "no_dev_access": true,
    "no_proc_access": true
  },
  "resource_limits": {
    "memory_mb": 1024,
    "cpu_percent": 50,
    "file_descriptors": 1024,
    "threads": 100
  },
  "container_settings": {
    "escape_detection": true,
    "namespace_restrictions": true,
    "mount_restrictions": true
  },
  "memory_protection": {
    "heap_spray_detection": true,
    "rop_detection": true,
    "wx_prevention": true
  }
}